<?xml version="1.0" encoding="UTF-8"?>
<project-private xmlns="http://www.netbeans.org/ns/project-private/1">
    <editor-bookmarks xmlns="http://www.netbeans.org/ns/editor-bookmarks/2" lastBookmarkId="0"/>
    <open-files xmlns="http://www.netbeans.org/ns/projectui-open-files/2">
        <group>
            <file>file:/C:/Users/alian/Documents/NetBeansProjects/FrontendApp/src/com/interfazpadre/DashboardPadreApp.java</file>
            <file>file:/C:/Users/alian/Documents/NetBeansProjects/FrontendApp/src/com/interfazpadre/CalificacionesPadreApp.java</file>
            <file>file:/C:/Users/alian/Documents/NetBeansProjects/FrontendApp/src/com/interfazpadre/PerfilEstudianteApp.java</file>
            <file>file:/C:/Users/alian/Documents/NetBeansProjects/FrontendApp/src/Modelos/Alumno.java</file>
            <file>file:/C:/Users/alian/Documents/NetBeansProjects/FrontendApp/src/dao/AlumnoDAO.java</file>
            <file>file:/C:/Users/alian/Documents/NetBeansProjects/FrontendApp/src/dao/CalificacionDAO.java</file>
            <file>file:/C:/Users/alian/Documents/NetBeansProjects/FrontendApp/src/Modelos/Calificacion.java</file>
            <file>file:/C:/Users/alian/Documents/NetBeansProjects/FrontendApp/src/Modelos/LoginDB.java</file>
            <file>file:/C:/Users/alian/Documents/NetBeansProjects/FrontendApp/src/Modelos/Login.java</file>
            <file>file:/C:/Users/alian/Documents/NetBeansProjects/FrontendApp/src/Modelos/ConexionMySql.java</file>
            <file>file:/C:/Users/alian/Documents/NetBeansProjects/FrontendApp/src/java/sql.java</file>
        </group>
    </open-files>
</project-private>
